{"cameraMode":{"drawMode":0,"name":"Shaded","section":"Shading Mode"},"sceneLighting":false,"audioPlay":false,"sceneViewState":{"showFog":true,"showMaterialUpdate":false,"showSkybox":true,"showFlares":true,"showImageEffects":true,"showParticleSystems":true},"in2DMode":false,"pivot":{"x":3.699993133544922,"y":-0.8509292602539063,"z":0.1986827850341797},"rotation":{"x":-0.1550179421901703,"y":-0.5039007067680359,"z":0.09247571229934693,"w":-0.8446903228759766},"size":16.506336212158204,"orthographic":false}