{"cameraMode":{"drawMode":0,"name":"Shaded","section":"Shading Mode"},"sceneLighting":false,"audioPlay":false,"sceneViewState":{"showFog":true,"showMaterialUpdate":false,"showSkybox":true,"showFlares":true,"showImageEffects":true,"showParticleSystems":true},"in2DMode":false,"pivot":{"x":-2.979830741882324,"y":1.9794557094573975,"z":-2.724194288253784},"rotation":{"x":0.18786534667015077,"y":0.4996792674064636,"z":-0.11200031638145447,"w":0.8381426930427551},"size":4.89426326751709,"orthographic":false}